<?xml version="1.0" encoding="UTF-8"?>
<!DOCTYPE filesystem PUBLIC "-//NetBeans//DTD Filesystem 1.2//EN" "http://www.netbeans.org/dtds/filesystem-1_2.dtd">
<filesystem>
    <folder name="Actions">
        <folder name="Actions">
            <file name="au-com-trgtd-tr-sync-iphone-SyncAction.instance"/>
        </folder>
    </folder>
    <folder name="Menu">
        <folder name="File">
            <file name="au-com-trgtd-tr-sync-iphone-SyncAction-sepBefore.instance">
                <attr name="instanceClass" stringvalue="javax.swing.JSeparator"/>
                <attr name="position" intvalue="1601"/>
            </file>
            <file name="au-com-trgtd-tr-sync-iphone-SyncAction.shadow">
                <attr name="originalFile" stringvalue="Actions/Actions/au-com-trgtd-tr-sync-iphone-SyncAction.instance"/>
                <attr name="position" intvalue="1602"/>
            </file>
            <file name="au-com-trgtd-tr-sync-iphone-SyncAction-sepAfter.instance">
                <attr name="instanceClass" stringvalue="javax.swing.JSeparator"/>
                <attr name="position" intvalue="1609"/>
            </file>
        </folder>
    </folder>
    <folder name="Toolbars">
        <folder name="TR iPhone">
            <attr name="position" intvalue="999800"/>
            <file name="au-com-trgtd-tr-sync-iphone-SyncAction.shadow">
                <attr name="originalFile" stringvalue="Actions/Actions/au-com-trgtd-tr-sync-iphone-SyncAction.instance"/>
                <attr name="position" intvalue="1000"/>
            </file>
        </folder>
    </folder>

</filesystem>
